,,,,,,,,,,,,,,,,,,,,,,,,,,,,,,,,,,
,,,,,,,,,,,,,,,,,,,,,,,,,,,,,,,,,,
,,,,,,,,,,,,,,,,,,,,,,,,,,,,,,,,,,
,,,,,,,,,,,,,,,, Beyondtrust,,,,,,,,,,,,,,,,,,
Total  Keywords,,,,,,,,,,,,,,,,,,,,,,,,,,,,,,,,,,
,,,,,,,,,,,,,,,Oct,Nov,Dec,,Oct,,,Dec,,,,,,,,,,,,
remote access,,,,,,,,,,,,,,,71,58,60,,204,,,191,,,,,,,,,,,,
remote desktop,,,,,,,,,,,,,,,23,9,8,,290,,,237,,,,,,,,,,,,
remote support,,,,,,,,,,,,,,,104,100,73,,21,,,19,,,,,,,,,,,,
remote connection,,,,,,,,,,,,,,,4,2,3,,13,,,10,,,,,,,,,,,,
secure remote access,,,,,,,,,,,,,,,10,9,9,,5,,,4,,,,,,,,,,,,
,,,,,,,,,,,,,,,,,,,,,,,,,,,,,,,,,,
Cumulative traffic*,,,,,,,,,,,,,,,,,,,,,,,,,,,,,,,,,,
,,,,,,,,,,,,,,,Oct,Nov,Dec,,Oct,,,Dec,,,,,,,,,,,,
remote access,,,,,,,,,,,,,,,1687,1728,1521,,735,,,794,,,,,,,,,,,,
remote desktop,,,,,,,,,,,,,,,49,49,7,,948,,,748,,,,,,,,,,,,
remote support,,,,,,,,,,,,,,,2416,2492,502,,43,,,37,,,,,,,,,,,,
remote connection,,,,,,,,,,,,,,,1,1,3,,18,,,37,,,,,,,,,,,,
secure remote access,,,,,,,,,,,,,,,711,790,859,,19,,,4,,,,,,,,,,,,
,,,,,,,,,,,,,,,,,,,,,,,,,,,,,,,,,,
No. of KWs Ranking on Page 1,,,,,,,,,,,,,,,,,,,,,,,,,,,,,,,,,,
,,,,,,,,,,,,,,,Oct,Nov,Dec,,Oct,,,Dec,,,,,,,,,,,,
remote access,,,,,,,,,,,,,,,38,41,38,,138,,,132,,,,,,,,,,,,
remote desktop,,,,,,,,,,,,,,,6,4,4,,108,,,104,,,,,,,,,,,,
remote support,,,,,,,,,,,,,,,84,90,64,,5,,,8,,,,,,,,,,,,
remote connection,,,,,,,,,,,,,,,2,1,2,,8,,,9,,,,,,,,,,,,
secure remote access,,,,,,,,,,,,,,,9,8,8,,2,,,0,,,,,,,,,,,,
,,,,,,,,,,,,,,,,,,,,,,,,,,,,,,,,,,
,,,,,,,,,,,,,,,,,,,,,,,,,,,,,,,,,,
,,,,,,,,,,,,,,,,,,,,,,,,,,,,,,,,,,
Total  Keywords,,,,Splashtop,,,,,,,Teamviewer,,,,,,Anydesk,,,,,,,Beyondesk,,,,,,,Gotomypc,,,
,Oct,Nov,Dec,Jan,Feb,Mar,,Oct,Nov,Dec,Jan,Feb,Mar,,Oct,Nov,Dec,Jan,Feb,Mar,,Oct,Nov,Dec,Jan,Feb,Mar,,Oct,Nov,Dec,Jan,Feb,Mar
Total  Keywords,,,,Splashtop,,,,,,,Teamviewer,,,,,,Anydesk,,,,,,,Beyondesk,,,,,,,Gotomypc,,,
,Oct,Nov,Dec,Jan,Feb,Mar,,Oct,Nov,Dec,Jan,Feb,Mar,,Oct,Nov,Dec,Jan,Feb,Mar,,Oct,Nov,Dec,Jan,Feb,Mar,,Oct,Nov,Dec,Jan,Feb,Mar
remote access,399,367,371,380,361,363,,402,374,371,371,350,350,,295,259,273,269,266,216,,71,58,60,63,69,71,,204,178,191,200,182,150
remote desktop,523,500,542,556,527,554,,402,350,363,371,355,348,,588,510,517,512,494,415,,23,9,8,8,8,8,,290,228,237,232,205,128
remote support,80,78,78,86,81,81,,93,91,86,84,83,78,,83,79,81,83,77,66,,104,100,73,74,73,73,,21,14,19,19,14,6
remote connection,10,10,11,11,11,13,,22,22,22,21,20,20,,20,19,17,19,17,15,,4,2,3,5,5,5,,13,13,10,13,12,12
secure remote access,19,18,17,18,13,13,,10,9,10,9,7,4,,5,3,4,4,3,2,,10,9,9,8,6,8,,5,4,4,3,3,2
wake on lan,26,20,31,28,26,26,,37,24,28,25,23,19,,21,11,15,14,14,10,,0,0,0,0,0,0,,0,0,0,0,0,0
screen share,37,44,59,62,58,68,,154,146,153,146,135,131,,117,113,118,117,95,107,,23,10,11,7,6,6,,4,3,4,3,1,0
,,,,,,,,,,,,,,,,,,,,,,,,,,,,,,,,,,
Cumulative traffic*,,,,,,,,,,,,,,,,,,,,,,,,,,,,,,,,,,
,Oct,Nov,Dec,Jan,Feb,Mar,,Oct,Nov,Dec,Jan,Feb,Mar,,Oct,Nov,Dec,Jan,Feb,Mar,,Oct,Nov,Dec,Jan,Feb,Mar,,Oct,Nov,Dec,Jan,Feb,Mar
remote access,1555,1971,2638,2823,2728,2656,,3544,5814,3608,3811,3659,4922,,1538,1692,2196,2261,2044,2448,,1687,1728,1521,1212,776,985,,735,677,794,964,644,669
remote desktop,1045,1717,1389,2103,1394,1625,,2666,3798,3086,4277,3325,5597,,2186,6305,3116,2730,2801,2957,,49,49,7,6,24,60,,948,539,748,837,410,313
remote support,506,655,561,880,816,690,,1206,1030,1037,1369,1752,1651,,1406,1311,1525,1543,1682,1255,,2416,2492,502,604,871,889,,43,23,37,36,21,4
remote connection,26,36,60,49,63,111,,139,275,270,200,228,325,,127,87,187,142,261,568,,1,1,3,7,7,10,,18,46,37,53,42,18
secure remote access,235,318,314,374,330,426,,60,123,54,67,43,70,,6,23,24,24,26,25,,711,790,859,827,221,500,,19,14,4,16,14,22
wake on lan,57,110,94,178,105,99,,91,103,173,109,110,152,,16,27,42,37,50,26,,0,0,0,0,0,0,,0,0,0,0,0,0
screen share,48,74,154,173,229,309,,13298,1400,811,15333,3702,3703,,512,511,15606,599,559,975,,85,66,49,23,17,6,,0,0,0,0,0,0
No. of KWs Ranking on Page 1,,,,,,,,,,,,,,,,,,,,,,,,,,,,,,,,,,
,Oct,Nov,Dec,Jan,Feb,Mar,,Oct,Nov,Dec,Jan,Feb,Mar,,Oct,Nov,Dec,Jan,Feb,Mar,,Oct,Nov,Dec,Jan,Feb,Mar,,Oct,Nov,Dec,Jan,Feb,Mar
remote access,297,318,317,321,302,320,,336,336,339,330,318,325,,213,225,234,223,219,188,,38,41,38,36,40,49,,138,135,132,133,122,110
remote desktop,305,362,369,392,367,451,,249,265,263,263,249,280,,356,376,374,366,348,319,,6,4,4,4,4,6,,108,108,104,96,79,54
remote support,64,74,72,80,74,78,,83,85,78,74,72,73,,75,75,75,78,71,60,,84,90,64,66,61,65,,5,5,8,7,6,2
remote connection,7,7,8,8,9,11,,21,21,21,21,20,20,,18,16,16,18,16,14,,2,1,2,4,4,5,,8,13,9,8,6,7
secure remote access,16,18,16,18,12,12,,5,6,5,5,5,4,,1,1,1,1,1,1,,9,8,8,7,6,7,,2,1,0,0,0,1
wake on lan,16,17,24,23,22,22,,18,19,20,16,18,16,,6,9,10,8,6,6,,0,0,0,0,0,0,,0,0,0,0,0,0
screen share,23,32,42,44,43,58,,145,138,136,133,122,122,,76,80,78,79,73,88,,14,8,7,5,5,5,,0,0,0,0,0,0
,,,,,,,,,,,,,,,,,,,,,,,,,,,,,,,,,,
,,,,,,,,,,,,,,,,,,,,,,,,,,,,,,,,,,
,,,,,,,,,,,,,,,,,,,,,,,,,,,,,,,,,,
remote access,,,,Splashtop,,,,,,,Teamviewer,,,,,,Anydesk,,,,,,,Beyondesk,,,,,,,Gotomypc,,,
Month,Oct,Nov,Dec,Jan,Feb,Mar,,Oct,Nov,Dec,Jan,Feb,Mar,,Oct,Nov,Dec,Jan,Feb,Mar,,Oct,Nov,Dec,Jan,Feb,Mar,,Oct,Nov,Dec,Jan,Feb,Mar
Total  Keywords,399,367,371,380,361,363,,402,374,371,371,350,350,,295,259,273,269,266,216,,71,58,60,63,69,71,,204,178,191,200,182,150
Cumulative traffic*,1555,1971,2638,2823,2728,2656,,3544,5814,3608,3811,3659,4922,,1538,1692,2196,2261,2044,2448,,1687,1728,1521,1212,776,985,,735,677,794,964,644,669
No. of KWs Ranking on Page 1,297,318,317,321,302,320,,336,336,339,330,318,325,,213,225,234,223,219,188,,38,41,38,36,40,49,,138,135,132,133,122,110
,,,,,,,,,,,,,,,,,,,,,,,,,,,,,,,,,,
,,,,,,,,,,,,,,,,,,,,,,,,,,,,,,,,,,
remote desktop,,,,Splashtop,,,,,,,Teamviewer,,,,,,Anydesk,,,,,,,Beyondesk,,,,,,,Gotomypc,,,
Month,Oct,Nov,Dec,Jan,Feb,Mar,,Oct,Nov,Dec,Jan,Feb,Mar,,Oct,Nov,Dec,Jan,Feb,Mar,,Oct,Nov,Dec,Jan,Feb,Mar,,Oct,Nov,Dec,Jan,Feb,Mar
Total  Keywords,523,500,542,556,527,554,,402,350,363,371,355,348,,588,510,517,512,494,415,,23,9,8,8,8,8,,290,228,237,232,205,128
Cumulative traffic*,1045,1717,1389,2103,1394,1625,,2666,3798,3086,4277,3325,5597,,2186,6305,3116,2730,2801,2957,,49,49,7,6,24,60,,948,539,748,837,410,313
No. of KWs Ranking on Page 1,305,362,369,392,367,451,,249,265,263,263,249,280,,356,376,374,366,348,319,,6,4,4,4,4,6,,108,108,104,96,79,54
,,,,,,,,,,,,,,,,,,,,,,,,,,,,,,,,,,
,,,,,,,,,,,,,,,,,,,,,,,,,,,,,,,,,,
remote support,,,,Splashtop,,,,,,,Teamviewer,,,,,,Anydesk,,,,,,,Beyondesk,,,,,,,Gotomypc,,,
Month,Oct,Nov,Dec,Jan,Feb,Mar,,Oct,Nov,Dec,Jan,Feb,Mar,,Oct,Nov,Dec,Jan,Feb,Mar,,Oct,Nov,Dec,Jan,Feb,Mar,,Oct,Nov,Dec,Jan,Feb,Mar
Total  Keywords,80,78,78,86,81,81,,93,91,86,84,83,78,,83,79,81,83,77,66,,104,100,73,74,73,73,,21,14,19,19,14,6
Cumulative traffic*,506,655,561,880,816,690,,1206,1030,1037,1369,1752,1651,,1406,1311,1525,1543,1682,1255,,2416,2492,502,604,871,889,,43,23,37,36,21,4
No. of KWs Ranking on Page 1,64,74,72,80,74,78,,83,85,78,74,72,73,,75,75,75,78,71,60,,84,90,64,66,61,65,,5,5,8,7,6,2
,,,,,,,,,,,,,,,,,,,,,,,,,,,,,,,,,,
,,,,,,,,,,,,,,,,,,,,,,,,,,,,,,,,,,
remote connection,,,,Splashtop,,,,,,,Teamviewer,,,,,,Anydesk,,,,,,,Beyondesk,,,,,,,Gotomypc,,,
Month,Oct,Nov,Dec,Jan,Feb,Mar,,Oct,Nov,Dec,Jan,Feb,Mar,,Oct,Nov,Dec,Jan,Feb,Mar,,Oct,Nov,Dec,Jan,Feb,Mar,,Oct,Nov,Dec,Jan,Feb,Mar
Total  Keywords,10,10,11,11,11,13,,22,22,22,21,20,20,,20,19,17,19,17,15,,4,2,3,5,5,5,,13,13,10,13,12,12
Cumulative traffic*,26,36,60,49,63,111,,139,275,270,200,228,325,,127,87,187,142,261,568,,1,1,3,7,7,10,,18,46,37,53,42,18
No. of KWs Ranking on Page 1,7,7,8,8,9,11,,21,21,21,21,20,20,,18,16,16,18,16,14,,2,1,2,4,4,5,,8,13,9,8,6,7
,,,,,,,,,,,,,,,,,,,,,,,,,,,,,,,,,,
,,,,,,,,,,,,,,,,,,,,,,,,,,,,,,,,,,
secure remote access,,,,Splashtop,,,,,,,Teamviewer,,,,,,Anydesk,,,,,,,Beyondesk,,,,,,,Gotomypc,,,
Month,Oct,Nov,Dec,Jan,Feb,Mar,,Oct,Nov,Dec,Jan,Feb,Mar,,Oct,Nov,Dec,Jan,Feb,Mar,,Oct,Nov,Dec,Jan,Feb,Mar,,Oct,Nov,Dec,Jan,Feb,Mar
Total  Keywords,19,18,17,18,13,13,,10,9,10,9,7,4,,5,3,4,4,3,2,,10,9,9,8,6,8,,5,4,4,3,3,2
Cumulative traffic*,235,318,314,374,330,426,,60,123,54,67,43,70,,6,23,24,24,26,25,,711,790,859,827,221,500,,19,14,4,16,14,22
No. of KWs Ranking on Page 1,16,18,16,18,12,12,,5,6,5,5,5,4,,1,1,1,1,1,1,,9,8,8,7,6,7,,2,1,0,0,0,1
,,,,,,,,,,,,,,,,,,,,,,,,,,,,,,,,,,
,,,,,,,,,,,,,,,,,,,,,,,,,,,,,,,,,,
wake on lan,,,,Splashtop,,,,,,,Teamviewer,,,,,,Anydesk,,,,,,,Beyondesk,,,,,,,Gotomypc,,,
Month,Oct,Nov,Dec,Jan,Feb,Mar,,Oct,Nov,Dec,Jan,Feb,Mar,,Oct,Nov,Dec,Jan,Feb,Mar,,Oct,Nov,Dec,Jan,Feb,Mar,,Oct,Nov,Dec,Jan,Feb,Mar
Total  Keywords,26,20,31,28,26,26,,37,24,28,25,23,19,,21,11,15,14,14,10,,0,0,0,0,0,0,,0,0,0,0,0,0
Cumulative traffic*,57,110,94,178,105,99,,91,103,173,109,110,152,,16,27,42,37,50,26,,0,0,0,0,0,0,,0,0,0,0,0,0
No. of KWs Ranking on Page 1,16,17,24,23,22,22,,18,19,20,16,18,16,,6,9,10,8,6,6,,0,0,0,0,0,0,,0,0,0,0,0,0
,,,,,,,,,,,,,,,,,,,,,,,,,,,,,,,,,,
,,,,,,,,,,,,,,,,,,,,,,,,,,,,,,,,,,
screen share,,,,Splashtop,,,,,,,Teamviewer,,,,,,Anydesk,,,,,,,Beyondesk,,,,,,,Gotomypc,,,
Month,Oct,Nov,Dec,Jan,Feb,Mar,,Oct,Nov,Dec,Jan,Feb,Mar,,Oct,Nov,Dec,Jan,Feb,Mar,,Oct,Nov,Dec,Jan,Feb,Mar,,Oct,Nov,Dec,Jan,Feb,Mar
Total  Keywords,37,44,59,62,58,68,,154,146,153,146,135,131,,117,113,118,117,95,107,,23,10,11,7,6,6,,4,3,4,3,1,0
Cumulative traffic*,48,74,154,173,229,309,,13298,1400,811,15333,3702,3703,,512,511,15606,599,559,975,,85,66,49,23,17,6,,0,0,0,0,0,0
No. of KWs Ranking on Page 1,23,32,42,44,43,58,,145,138,136,133,122,122,,76,80,78,79,73,88,,14,8,7,5,5,5,,0,0,0,0,0,0